Date,County,County_Code,HPI_AllTransactions,Civilian_Labor_Force,Poverty_All_Ages,Permits_Annual,Real_GDP,Population_Annual,Unemployed_Persons,Unemployment_Rate
1970-01-31,Dorchester,DOR,,,,,,29.405,,
1970-02-28,Dorchester,DOR,,,,,,29.405,,
1970-03-31,Dorchester,DOR,,,,,,29.405,,
1970-04-30,Dorchester,DOR,,,,,,29.405,,
1970-05-31,Dorchester,DOR,,,,,,29.405,,
1970-06-30,Dorchester,DOR,,,,,,29.405,,
1970-07-31,Dorchester,DOR,,,,,,29.405,,
1970-08-31,Dorchester,DOR,,,,,,29.405,,
1970-09-30,Dorchester,DOR,,,,,,29.405,,
1970-10-31,Dorchester,DOR,,,,,,29.405,,
1970-11-30,Dorchester,DOR,,,,,,29.405,,
1970-12-31,Dorchester,DOR,,,,,,29.405,,
1971-01-31,Dorchester,DOR,,,,,,30.1,,
1971-02-28,Dorchester,DOR,,,,,,30.1,,
1971-03-31,Dorchester,DOR,,,,,,30.1,,
1971-04-30,Dorchester,DOR,,,,,,30.1,,
1971-05-31,Dorchester,DOR,,,,,,30.1,,
1971-06-30,Dorchester,DOR,,,,,,30.1,,
1971-07-31,Dorchester,DOR,,,,,,30.1,,
1971-08-31,Dorchester,DOR,,,,,,30.1,,
1971-09-30,Dorchester,DOR,,,,,,30.1,,
1971-10-31,Dorchester,DOR,,,,,,30.1,,
1971-11-30,Dorchester,DOR,,,,,,30.1,,
1971-12-31,Dorchester,DOR,,,,,,30.1,,
1972-01-31,Dorchester,DOR,,,,,,29.6,,
1972-02-29,Dorchester,DOR,,,,,,29.6,,
1972-03-31,Dorchester,DOR,,,,,,29.6,,
1972-04-30,Dorchester,DOR,,,,,,29.6,,
1972-05-31,Dorchester,DOR,,,,,,29.6,,
1972-06-30,Dorchester,DOR,,,,,,29.6,,
1972-07-31,Dorchester,DOR,,,,,,29.6,,
1972-08-31,Dorchester,DOR,,,,,,29.6,,
1972-09-30,Dorchester,DOR,,,,,,29.6,,
1972-10-31,Dorchester,DOR,,,,,,29.6,,
1972-11-30,Dorchester,DOR,,,,,,29.6,,
1972-12-31,Dorchester,DOR,,,,,,29.6,,
1973-01-31,Dorchester,DOR,,,,,,29.8,,
1973-02-28,Dorchester,DOR,,,,,,29.8,,
1973-03-31,Dorchester,DOR,,,,,,29.8,,
1973-04-30,Dorchester,DOR,,,,,,29.8,,
1973-05-31,Dorchester,DOR,,,,,,29.8,,
1973-06-30,Dorchester,DOR,,,,,,29.8,,
1973-07-31,Dorchester,DOR,,,,,,29.8,,
1973-08-31,Dorchester,DOR,,,,,,29.8,,
1973-09-30,Dorchester,DOR,,,,,,29.8,,
1973-10-31,Dorchester,DOR,,,,,,29.8,,
1973-11-30,Dorchester,DOR,,,,,,29.8,,
1973-12-31,Dorchester,DOR,,,,,,29.8,,
1974-01-31,Dorchester,DOR,,,,,,29.9,,
1974-02-28,Dorchester,DOR,,,,,,29.9,,
1974-03-31,Dorchester,DOR,,,,,,29.9,,
1974-04-30,Dorchester,DOR,,,,,,29.9,,
1974-05-31,Dorchester,DOR,,,,,,29.9,,
1974-06-30,Dorchester,DOR,,,,,,29.9,,
1974-07-31,Dorchester,DOR,,,,,,29.9,,
1974-08-31,Dorchester,DOR,,,,,,29.9,,
1974-09-30,Dorchester,DOR,,,,,,29.9,,
1974-10-31,Dorchester,DOR,,,,,,29.9,,
1974-11-30,Dorchester,DOR,,,,,,29.9,,
1974-12-31,Dorchester,DOR,,,,,,29.9,,
1975-01-31,Dorchester,DOR,,,,,,30.2,,
1975-02-28,Dorchester,DOR,,,,,,30.2,,
1975-03-31,Dorchester,DOR,,,,,,30.2,,
1975-04-30,Dorchester,DOR,,,,,,30.2,,
1975-05-31,Dorchester,DOR,,,,,,30.2,,
1975-06-30,Dorchester,DOR,,,,,,30.2,,
1975-07-31,Dorchester,DOR,,,,,,30.2,,
1975-08-31,Dorchester,DOR,,,,,,30.2,,
1975-09-30,Dorchester,DOR,,,,,,30.2,,
1975-10-31,Dorchester,DOR,,,,,,30.2,,
1975-11-30,Dorchester,DOR,,,,,,30.2,,
1975-12-31,Dorchester,DOR,,,,,,30.2,,
1976-01-31,Dorchester,DOR,,,,,,30.7,,
1976-02-29,Dorchester,DOR,,,,,,30.7,,
1976-03-31,Dorchester,DOR,,,,,,30.7,,
1976-04-30,Dorchester,DOR,,,,,,30.7,,
1976-05-31,Dorchester,DOR,,,,,,30.7,,
1976-06-30,Dorchester,DOR,,,,,,30.7,,
1976-07-31,Dorchester,DOR,,,,,,30.7,,
1976-08-31,Dorchester,DOR,,,,,,30.7,,
1976-09-30,Dorchester,DOR,,,,,,30.7,,
1976-10-31,Dorchester,DOR,,,,,,30.7,,
1976-11-30,Dorchester,DOR,,,,,,30.7,,
1976-12-31,Dorchester,DOR,,,,,,30.7,,
1977-01-31,Dorchester,DOR,,,,,,31.4,,
1977-02-28,Dorchester,DOR,,,,,,31.4,,
1977-03-31,Dorchester,DOR,,,,,,31.4,,
1977-04-30,Dorchester,DOR,,,,,,31.4,,
1977-05-31,Dorchester,DOR,,,,,,31.4,,
1977-06-30,Dorchester,DOR,,,,,,31.4,,
1977-07-31,Dorchester,DOR,,,,,,31.4,,
1977-08-31,Dorchester,DOR,,,,,,31.4,,
1977-09-30,Dorchester,DOR,,,,,,31.4,,
1977-10-31,Dorchester,DOR,,,,,,31.4,,
1977-11-30,Dorchester,DOR,,,,,,31.4,,
1977-12-31,Dorchester,DOR,,,,,,31.4,,
1978-01-31,Dorchester,DOR,,,,,,31.3,,
1978-02-28,Dorchester,DOR,,,,,,31.3,,
1978-03-31,Dorchester,DOR,,,,,,31.3,,
1978-04-30,Dorchester,DOR,,,,,,31.3,,
1978-05-31,Dorchester,DOR,,,,,,31.3,,
1978-06-30,Dorchester,DOR,,,,,,31.3,,
1978-07-31,Dorchester,DOR,,,,,,31.3,,
1978-08-31,Dorchester,DOR,,,,,,31.3,,
1978-09-30,Dorchester,DOR,,,,,,31.3,,
1978-10-31,Dorchester,DOR,,,,,,31.3,,
1978-11-30,Dorchester,DOR,,,,,,31.3,,
1978-12-31,Dorchester,DOR,,,,,,31.3,,
1979-01-31,Dorchester,DOR,,,,,,31.1,,
1979-02-28,Dorchester,DOR,,,,,,31.1,,
1979-03-31,Dorchester,DOR,,,,,,31.1,,
1979-04-30,Dorchester,DOR,,,,,,31.1,,
1979-05-31,Dorchester,DOR,,,,,,31.1,,
1979-06-30,Dorchester,DOR,,,,,,31.1,,
1979-07-31,Dorchester,DOR,,,,,,31.1,,
1979-08-31,Dorchester,DOR,,,,,,31.1,,
1979-09-30,Dorchester,DOR,,,,,,31.1,,
1979-10-31,Dorchester,DOR,,,,,,31.1,,
1979-11-30,Dorchester,DOR,,,,,,31.1,,
1979-12-31,Dorchester,DOR,,,,,,31.1,,
1980-01-31,Dorchester,DOR,,,,,,30.623,,
1980-02-29,Dorchester,DOR,,,,,,30.623,,
1980-03-31,Dorchester,DOR,,,,,,30.623,,
1980-04-30,Dorchester,DOR,,,,,,30.623,,
1980-05-31,Dorchester,DOR,,,,,,30.623,,
1980-06-30,Dorchester,DOR,,,,,,30.623,,
1980-07-31,Dorchester,DOR,,,,,,30.623,,
1980-08-31,Dorchester,DOR,,,,,,30.623,,
1980-09-30,Dorchester,DOR,,,,,,30.623,,
1980-10-31,Dorchester,DOR,,,,,,30.623,,
1980-11-30,Dorchester,DOR,,,,,,30.623,,
1980-12-31,Dorchester,DOR,,,,,,30.623,,
1981-01-31,Dorchester,DOR,,,,,,30.238,,
1981-02-28,Dorchester,DOR,,,,,,30.238,,
1981-03-31,Dorchester,DOR,,,,,,30.238,,
1981-04-30,Dorchester,DOR,,,,,,30.238,,
1981-05-31,Dorchester,DOR,,,,,,30.238,,
1981-06-30,Dorchester,DOR,,,,,,30.238,,
1981-07-31,Dorchester,DOR,,,,,,30.238,,
1981-08-31,Dorchester,DOR,,,,,,30.238,,
1981-09-30,Dorchester,DOR,,,,,,30.238,,
1981-10-31,Dorchester,DOR,,,,,,30.238,,
1981-11-30,Dorchester,DOR,,,,,,30.238,,
1981-12-31,Dorchester,DOR,,,,,,30.238,,
1982-01-31,Dorchester,DOR,,,,,,30.194,,
1982-02-28,Dorchester,DOR,,,,,,30.194,,
1982-03-31,Dorchester,DOR,,,,,,30.194,,
1982-04-30,Dorchester,DOR,,,,,,30.194,,
1982-05-31,Dorchester,DOR,,,,,,30.194,,
1982-06-30,Dorchester,DOR,,,,,,30.194,,
1982-07-31,Dorchester,DOR,,,,,,30.194,,
1982-08-31,Dorchester,DOR,,,,,,30.194,,
1982-09-30,Dorchester,DOR,,,,,,30.194,,
1982-10-31,Dorchester,DOR,,,,,,30.194,,
1982-11-30,Dorchester,DOR,,,,,,30.194,,
1982-12-31,Dorchester,DOR,,,,,,30.194,,
1983-01-31,Dorchester,DOR,,,,,,29.841,,
1983-02-28,Dorchester,DOR,,,,,,29.841,,
1983-03-31,Dorchester,DOR,,,,,,29.841,,
1983-04-30,Dorchester,DOR,,,,,,29.841,,
1983-05-31,Dorchester,DOR,,,,,,29.841,,
1983-06-30,Dorchester,DOR,,,,,,29.841,,
1983-07-31,Dorchester,DOR,,,,,,29.841,,
1983-08-31,Dorchester,DOR,,,,,,29.841,,
1983-09-30,Dorchester,DOR,,,,,,29.841,,
1983-10-31,Dorchester,DOR,,,,,,29.841,,
1983-11-30,Dorchester,DOR,,,,,,29.841,,
1983-12-31,Dorchester,DOR,,,,,,29.841,,
1984-01-31,Dorchester,DOR,,,,,,29.755,,
1984-02-29,Dorchester,DOR,,,,,,29.755,,
1984-03-31,Dorchester,DOR,,,,,,29.755,,
1984-04-30,Dorchester,DOR,,,,,,29.755,,
1984-05-31,Dorchester,DOR,,,,,,29.755,,
1984-06-30,Dorchester,DOR,,,,,,29.755,,
1984-07-31,Dorchester,DOR,,,,,,29.755,,
1984-08-31,Dorchester,DOR,,,,,,29.755,,
1984-09-30,Dorchester,DOR,,,,,,29.755,,
1984-10-31,Dorchester,DOR,,,,,,29.755,,
1984-11-30,Dorchester,DOR,,,,,,29.755,,
1984-12-31,Dorchester,DOR,,,,,,29.755,,
1985-01-31,Dorchester,DOR,,,,,,29.855,,
1985-02-28,Dorchester,DOR,,,,,,29.855,,
1985-03-31,Dorchester,DOR,,,,,,29.855,,
1985-04-30,Dorchester,DOR,,,,,,29.855,,
1985-05-31,Dorchester,DOR,,,,,,29.855,,
1985-06-30,Dorchester,DOR,,,,,,29.855,,
1985-07-31,Dorchester,DOR,,,,,,29.855,,
1985-08-31,Dorchester,DOR,,,,,,29.855,,
1985-09-30,Dorchester,DOR,,,,,,29.855,,
1985-10-31,Dorchester,DOR,,,,,,29.855,,
1985-11-30,Dorchester,DOR,,,,,,29.855,,
1985-12-31,Dorchester,DOR,,,,,,29.855,,
1986-01-31,Dorchester,DOR,52.25,,,,,29.852,,
1986-02-28,Dorchester,DOR,52.25,,,,,29.852,,
1986-03-31,Dorchester,DOR,52.25,,,,,29.852,,
1986-04-30,Dorchester,DOR,52.25,,,,,29.852,,
1986-05-31,Dorchester,DOR,52.25,,,,,29.852,,
1986-06-30,Dorchester,DOR,52.25,,,,,29.852,,
1986-07-31,Dorchester,DOR,52.25,,,,,29.852,,
1986-08-31,Dorchester,DOR,52.25,,,,,29.852,,
1986-09-30,Dorchester,DOR,52.25,,,,,29.852,,
1986-10-31,Dorchester,DOR,52.25,,,,,29.852,,
1986-11-30,Dorchester,DOR,52.25,,,,,29.852,,
1986-12-31,Dorchester,DOR,52.25,,,,,29.852,,
1987-01-31,Dorchester,DOR,60.6,,,,,29.882,,
1987-02-28,Dorchester,DOR,60.6,,,,,29.882,,
1987-03-31,Dorchester,DOR,60.6,,,,,29.882,,
1987-04-30,Dorchester,DOR,60.6,,,,,29.882,,
1987-05-31,Dorchester,DOR,60.6,,,,,29.882,,
1987-06-30,Dorchester,DOR,60.6,,,,,29.882,,
1987-07-31,Dorchester,DOR,60.6,,,,,29.882,,
1987-08-31,Dorchester,DOR,60.6,,,,,29.882,,
1987-09-30,Dorchester,DOR,60.6,,,,,29.882,,
1987-10-31,Dorchester,DOR,60.6,,,,,29.882,,
1987-11-30,Dorchester,DOR,60.6,,,,,29.882,,
1987-12-31,Dorchester,DOR,60.6,,,,,29.882,,
1988-01-31,Dorchester,DOR,70.49,,,,,30.134,,
1988-02-29,Dorchester,DOR,70.49,,,,,30.134,,
1988-03-31,Dorchester,DOR,70.49,,,,,30.134,,
1988-04-30,Dorchester,DOR,70.49,,,,,30.134,,
1988-05-31,Dorchester,DOR,70.49,,,,,30.134,,
1988-06-30,Dorchester,DOR,70.49,,,,,30.134,,
1988-07-31,Dorchester,DOR,70.49,,,,,30.134,,
1988-08-31,Dorchester,DOR,70.49,,,,,30.134,,
1988-09-30,Dorchester,DOR,70.49,,,,,30.134,,
1988-10-31,Dorchester,DOR,70.49,,,,,30.134,,
1988-11-30,Dorchester,DOR,70.49,,,,,30.134,,
1988-12-31,Dorchester,DOR,70.49,,,,,30.134,,
1989-01-31,Dorchester,DOR,71.22,,14.6,,,30.276,,
1989-02-28,Dorchester,DOR,71.22,,14.6,,,30.276,,
1989-03-31,Dorchester,DOR,71.22,,14.6,,,30.276,,
1989-04-30,Dorchester,DOR,71.22,,14.6,,,30.276,,
1989-05-31,Dorchester,DOR,71.22,,14.6,,,30.276,,
1989-06-30,Dorchester,DOR,71.22,,14.6,,,30.276,,
1989-07-31,Dorchester,DOR,71.22,,14.6,,,30.276,,
1989-08-31,Dorchester,DOR,71.22,,14.6,,,30.276,,
1989-09-30,Dorchester,DOR,71.22,,14.6,,,30.276,,
1989-10-31,Dorchester,DOR,71.22,,14.6,,,30.276,,
1989-11-30,Dorchester,DOR,71.22,,14.6,,,30.276,,
1989-12-31,Dorchester,DOR,71.22,,14.6,,,30.276,,
1990-01-31,Dorchester,DOR,78.64,15627.0,,174.0,,30.282,1398.0,8.9
1990-02-28,Dorchester,DOR,78.64,15709.0,,174.0,,30.282,1595.0,10.2
1990-03-31,Dorchester,DOR,78.64,15622.0,,174.0,,30.282,1433.0,9.2
1990-04-30,Dorchester,DOR,78.64,15558.0,,174.0,,30.282,1142.0,7.3
1990-05-31,Dorchester,DOR,78.64,15526.0,,174.0,,30.282,939.0,6.0
1990-06-30,Dorchester,DOR,78.64,15674.0,,174.0,,30.282,870.0,5.6
1990-07-31,Dorchester,DOR,78.64,16089.0,,174.0,,30.282,896.0,5.6
1990-08-31,Dorchester,DOR,78.64,16217.0,,174.0,,30.282,889.0,5.5
1990-09-30,Dorchester,DOR,78.64,15923.0,,174.0,,30.282,898.0,5.6
1990-10-31,Dorchester,DOR,78.64,15906.0,,174.0,,30.282,948.0,6.0
1990-11-30,Dorchester,DOR,78.64,15779.0,,174.0,,30.282,1168.0,7.4
1990-12-31,Dorchester,DOR,78.64,15878.0,,174.0,,30.282,1419.0,8.9
1991-01-31,Dorchester,DOR,77.82,15562.0,,173.0,,30.291,1944.0,12.5
1991-02-28,Dorchester,DOR,77.82,15702.0,,173.0,,30.291,2035.0,13.0
1991-03-31,Dorchester,DOR,77.82,15764.0,,173.0,,30.291,1987.0,12.6
1991-04-30,Dorchester,DOR,77.82,15752.0,,173.0,,30.291,1366.0,8.7
1991-05-31,Dorchester,DOR,77.82,15541.0,,173.0,,30.291,1233.0,7.9
1991-06-30,Dorchester,DOR,77.82,16068.0,,173.0,,30.291,1486.0,9.2
1991-07-31,Dorchester,DOR,77.82,15913.0,,173.0,,30.291,1130.0,7.1
1991-08-31,Dorchester,DOR,77.82,15872.0,,173.0,,30.291,1054.0,6.6
1991-09-30,Dorchester,DOR,77.82,15964.0,,173.0,,30.291,1093.0,6.8
1991-10-31,Dorchester,DOR,77.82,15826.0,,173.0,,30.291,1223.0,7.7
1991-11-30,Dorchester,DOR,77.82,15661.0,,173.0,,30.291,1364.0,8.7
1991-12-31,Dorchester,DOR,77.82,15601.0,,173.0,,30.291,1558.0,10.0
1992-01-31,Dorchester,DOR,82.28,14882.0,,119.0,,30.522,2186.0,14.7
1992-02-29,Dorchester,DOR,82.28,15034.0,,119.0,,30.522,2437.0,16.2
1992-03-31,Dorchester,DOR,82.28,15344.0,,119.0,,30.522,2397.0,15.6
1992-04-30,Dorchester,DOR,82.28,14943.0,,119.0,,30.522,1943.0,13.0
1992-05-31,Dorchester,DOR,82.28,15132.0,,119.0,,30.522,1712.0,11.3
1992-06-30,Dorchester,DOR,82.28,15673.0,,119.0,,30.522,1725.0,11.0
1992-07-31,Dorchester,DOR,82.28,15435.0,,119.0,,30.522,1799.0,11.7
1992-08-31,Dorchester,DOR,82.28,15248.0,,119.0,,30.522,1709.0,11.2
1992-09-30,Dorchester,DOR,82.28,15264.0,,119.0,,30.522,1610.0,10.5
1992-10-31,Dorchester,DOR,82.28,15114.0,,119.0,,30.522,1480.0,9.8
1992-11-30,Dorchester,DOR,82.28,14857.0,,119.0,,30.522,1572.0,10.6
1992-12-31,Dorchester,DOR,82.28,14556.0,,119.0,,30.522,1752.0,12.0
1993-01-31,Dorchester,DOR,79.88,15514.0,17.0,148.0,,30.706,2182.0,14.1
1993-02-28,Dorchester,DOR,79.88,15612.0,17.0,148.0,,30.706,2198.0,14.1
1993-03-31,Dorchester,DOR,79.88,15656.0,17.0,148.0,,30.706,2075.0,13.3
1993-04-30,Dorchester,DOR,79.88,15747.0,17.0,148.0,,30.706,2003.0,12.7
1993-05-31,Dorchester,DOR,79.88,15465.0,17.0,148.0,,30.706,1446.0,9.4
1993-06-30,Dorchester,DOR,79.88,16352.0,17.0,148.0,,30.706,1412.0,8.6
1993-07-31,Dorchester,DOR,79.88,15976.0,17.0,148.0,,30.706,1327.0,8.3
1993-08-31,Dorchester,DOR,79.88,15717.0,17.0,148.0,,30.706,1253.0,8.0
1993-09-30,Dorchester,DOR,79.88,15715.0,17.0,148.0,,30.706,1190.0,7.6
1993-10-31,Dorchester,DOR,79.88,15358.0,17.0,148.0,,30.706,1217.0,7.9
1993-11-30,Dorchester,DOR,79.88,15308.0,17.0,148.0,,30.706,1294.0,8.5
1993-12-31,Dorchester,DOR,79.88,15168.0,17.0,148.0,,30.706,1477.0,9.7
1994-01-31,Dorchester,DOR,79.1,14998.0,,126.0,,30.716,1984.0,13.2
1994-02-28,Dorchester,DOR,79.1,14980.0,,126.0,,30.716,1965.0,13.1
1994-03-31,Dorchester,DOR,79.1,15436.0,,126.0,,30.716,1962.0,12.7
1994-04-30,Dorchester,DOR,79.1,15118.0,,126.0,,30.716,1733.0,11.5
1994-05-31,Dorchester,DOR,79.1,15145.0,,126.0,,30.716,1244.0,8.2
1994-06-30,Dorchester,DOR,79.1,15585.0,,126.0,,30.716,1132.0,7.3
1994-07-31,Dorchester,DOR,79.1,15274.0,,126.0,,30.716,1198.0,7.8
1994-08-31,Dorchester,DOR,79.1,15075.0,,126.0,,30.716,996.0,6.6
1994-09-30,Dorchester,DOR,79.1,15446.0,,126.0,,30.716,1073.0,6.9
1994-10-31,Dorchester,DOR,79.1,15434.0,,126.0,,30.716,1024.0,6.6
1994-11-30,Dorchester,DOR,79.1,15359.0,,126.0,,30.716,1028.0,6.7
1994-12-31,Dorchester,DOR,79.1,15337.0,,126.0,,30.716,1330.0,8.7
1995-01-31,Dorchester,DOR,78.79,15662.0,15.7,131.0,,30.538,1924.0,12.3
1995-02-28,Dorchester,DOR,78.79,15725.0,15.7,131.0,,30.538,2003.0,12.7
1995-03-31,Dorchester,DOR,78.79,15965.0,15.7,131.0,,30.538,1949.0,12.2
1995-04-30,Dorchester,DOR,78.79,15613.0,15.7,131.0,,30.538,1758.0,11.3
1995-05-31,Dorchester,DOR,78.79,15479.0,15.7,131.0,,30.538,1391.0,9.0
1995-06-30,Dorchester,DOR,78.79,16189.0,15.7,131.0,,30.538,1461.0,9.0
1995-07-31,Dorchester,DOR,78.79,15914.0,15.7,131.0,,30.538,1429.0,9.0
1995-08-31,Dorchester,DOR,78.79,15882.0,15.7,131.0,,30.538,1275.0,8.0
1995-09-30,Dorchester,DOR,78.79,15844.0,15.7,131.0,,30.538,1192.0,7.5
1995-10-31,Dorchester,DOR,78.79,15943.0,15.7,131.0,,30.538,1160.0,7.3
1995-11-30,Dorchester,DOR,78.79,15927.0,15.7,131.0,,30.538,1283.0,8.1
1995-12-31,Dorchester,DOR,78.79,15715.0,15.7,131.0,,30.538,1639.0,10.4
1996-01-31,Dorchester,DOR,82.1,15751.0,,114.0,,30.733,2215.0,14.1
1996-02-29,Dorchester,DOR,82.1,15408.0,,114.0,,30.733,2144.0,13.9
1996-03-31,Dorchester,DOR,82.1,15636.0,,114.0,,30.733,2405.0,15.4
1996-04-30,Dorchester,DOR,82.1,15496.0,,114.0,,30.733,2172.0,14.0
1996-05-31,Dorchester,DOR,82.1,15426.0,,114.0,,30.733,1808.0,11.7
1996-06-30,Dorchester,DOR,82.1,15523.0,,114.0,,30.733,1437.0,9.3
1996-07-31,Dorchester,DOR,82.1,15899.0,,114.0,,30.733,1511.0,9.5
1996-08-31,Dorchester,DOR,82.1,15914.0,,114.0,,30.733,1255.0,7.9
1996-09-30,Dorchester,DOR,82.1,15837.0,,114.0,,30.733,1202.0,7.6
1996-10-31,Dorchester,DOR,82.1,15817.0,,114.0,,30.733,1110.0,7.0
1996-11-30,Dorchester,DOR,82.1,15526.0,,114.0,,30.733,1198.0,7.7
1996-12-31,Dorchester,DOR,82.1,15498.0,,114.0,,30.733,1569.0,10.1
1997-01-31,Dorchester,DOR,86.06,15909.0,15.5,100.0,,30.816,2230.0,14.0
1997-02-28,Dorchester,DOR,86.06,15580.0,15.5,100.0,,30.816,2213.0,14.2
1997-03-31,Dorchester,DOR,86.06,15693.0,15.5,100.0,,30.816,2030.0,12.9
1997-04-30,Dorchester,DOR,86.06,15676.0,15.5,100.0,,30.816,1990.0,12.7
1997-05-31,Dorchester,DOR,86.06,15772.0,15.5,100.0,,30.816,1475.0,9.4
1997-06-30,Dorchester,DOR,86.06,15762.0,15.5,100.0,,30.816,1437.0,9.1
1997-07-31,Dorchester,DOR,86.06,16016.0,15.5,100.0,,30.816,1682.0,10.5
1997-08-31,Dorchester,DOR,86.06,15565.0,15.5,100.0,,30.816,1233.0,7.9
1997-09-30,Dorchester,DOR,86.06,15635.0,15.5,100.0,,30.816,1081.0,6.9
1997-10-31,Dorchester,DOR,86.06,15837.0,15.5,100.0,,30.816,1183.0,7.5
1997-11-30,Dorchester,DOR,86.06,15417.0,15.5,100.0,,30.816,1089.0,7.1
1997-12-31,Dorchester,DOR,86.06,15318.0,15.5,100.0,,30.816,1454.0,9.5
1998-01-31,Dorchester,DOR,89.08,16311.0,15.0,116.0,,30.607,2029.0,12.4
1998-02-28,Dorchester,DOR,89.08,16524.0,15.0,116.0,,30.607,2131.0,12.9
1998-03-31,Dorchester,DOR,89.08,16485.0,15.0,116.0,,30.607,2137.0,13.0
1998-04-30,Dorchester,DOR,89.08,16172.0,15.0,116.0,,30.607,1634.0,10.1
1998-05-31,Dorchester,DOR,89.08,16356.0,15.0,116.0,,30.607,1770.0,10.8
1998-06-30,Dorchester,DOR,89.08,16069.0,15.0,116.0,,30.607,1413.0,8.8
1998-07-31,Dorchester,DOR,89.08,16130.0,15.0,116.0,,30.607,1168.0,7.2
1998-08-31,Dorchester,DOR,89.08,15829.0,15.0,116.0,,30.607,1016.0,6.4
1998-09-30,Dorchester,DOR,89.08,15779.0,15.0,116.0,,30.607,951.0,6.0
1998-10-31,Dorchester,DOR,89.08,15920.0,15.0,116.0,,30.607,1066.0,6.7
1998-11-30,Dorchester,DOR,89.08,15745.0,15.0,116.0,,30.607,1059.0,6.7
1998-12-31,Dorchester,DOR,89.08,15586.0,15.0,116.0,,30.607,1269.0,8.1
1999-01-31,Dorchester,DOR,92.29,15797.0,13.0,94.0,,30.783,1547.0,9.8
1999-02-28,Dorchester,DOR,92.29,15815.0,13.0,94.0,,30.783,1588.0,10.0
1999-03-31,Dorchester,DOR,92.29,15674.0,13.0,94.0,,30.783,1504.0,9.6
1999-04-30,Dorchester,DOR,92.29,15356.0,13.0,94.0,,30.783,1219.0,7.9
1999-05-31,Dorchester,DOR,92.29,15548.0,13.0,94.0,,30.783,1227.0,7.9
1999-06-30,Dorchester,DOR,92.29,15709.0,13.0,94.0,,30.783,1014.0,6.5
1999-07-31,Dorchester,DOR,92.29,15271.0,13.0,94.0,,30.783,918.0,6.0
1999-08-31,Dorchester,DOR,92.29,15147.0,13.0,94.0,,30.783,816.0,5.4
1999-09-30,Dorchester,DOR,92.29,15230.0,13.0,94.0,,30.783,768.0,5.0
1999-10-31,Dorchester,DOR,92.29,15153.0,13.0,94.0,,30.783,742.0,4.9
1999-11-30,Dorchester,DOR,92.29,15212.0,13.0,94.0,,30.783,862.0,5.7
1999-12-31,Dorchester,DOR,92.29,14997.0,13.0,94.0,,30.783,977.0,6.5
2000-01-31,Dorchester,DOR,100.0,15507.0,13.4,109.0,,30.577,956.0,6.2
2000-02-29,Dorchester,DOR,100.0,15501.0,13.4,109.0,,30.577,1000.0,6.5
2000-03-31,Dorchester,DOR,100.0,15509.0,13.4,109.0,,30.577,983.0,6.3
2000-04-30,Dorchester,DOR,100.0,15559.0,13.4,109.0,,30.577,739.0,4.7
2000-05-31,Dorchester,DOR,100.0,15523.0,13.4,109.0,,30.577,742.0,4.8
2000-06-30,Dorchester,DOR,100.0,15932.0,13.4,109.0,,30.577,782.0,4.9
2000-07-31,Dorchester,DOR,100.0,15856.0,13.4,109.0,,30.577,734.0,4.6
2000-08-31,Dorchester,DOR,100.0,15547.0,13.4,109.0,,30.577,738.0,4.7
2000-09-30,Dorchester,DOR,100.0,15652.0,13.4,109.0,,30.577,688.0,4.4
2000-10-31,Dorchester,DOR,100.0,15516.0,13.4,109.0,,30.577,674.0,4.3
2000-11-30,Dorchester,DOR,100.0,15465.0,13.4,109.0,,30.577,736.0,4.8
2000-12-31,Dorchester,DOR,100.0,15543.0,13.4,109.0,,30.577,813.0,5.2
2001-01-31,Dorchester,DOR,105.72,16061.0,13.0,117.0,1183662.0,30.588,1147.0,7.1
2001-02-28,Dorchester,DOR,105.72,16071.0,13.0,117.0,1183662.0,30.588,1066.0,6.6
2001-03-31,Dorchester,DOR,105.72,16111.0,13.0,117.0,1183662.0,30.588,1132.0,7.0
2001-04-30,Dorchester,DOR,105.72,16055.0,13.0,117.0,1183662.0,30.588,1073.0,6.7
2001-05-31,Dorchester,DOR,105.72,16036.0,13.0,117.0,1183662.0,30.588,1008.0,6.3
2001-06-30,Dorchester,DOR,105.72,16395.0,13.0,117.0,1183662.0,30.588,1010.0,6.2
2001-07-31,Dorchester,DOR,105.72,16088.0,13.0,117.0,1183662.0,30.588,930.0,5.8
2001-08-31,Dorchester,DOR,105.72,16077.0,13.0,117.0,1183662.0,30.588,1105.0,6.9
2001-09-30,Dorchester,DOR,105.72,16059.0,13.0,117.0,1183662.0,30.588,892.0,5.6
2001-10-31,Dorchester,DOR,105.72,16052.0,13.0,117.0,1183662.0,30.588,972.0,6.1
2001-11-30,Dorchester,DOR,105.72,15769.0,13.0,117.0,1183662.0,30.588,968.0,6.1
2001-12-31,Dorchester,DOR,105.72,16017.0,13.0,117.0,1183662.0,30.588,1168.0,7.3
2002-01-31,Dorchester,DOR,114.71,16322.0,13.5,179.0,1154077.0,30.415,1397.0,8.6
2002-02-28,Dorchester,DOR,114.71,16386.0,13.5,179.0,1154077.0,30.415,1360.0,8.3
2002-03-31,Dorchester,DOR,114.71,16466.0,13.5,179.0,1154077.0,30.415,1283.0,7.8
2002-04-30,Dorchester,DOR,114.71,16293.0,13.5,179.0,1154077.0,30.415,1131.0,6.9
2002-05-31,Dorchester,DOR,114.71,16107.0,13.5,179.0,1154077.0,30.415,1062.0,6.6
2002-06-30,Dorchester,DOR,114.71,16404.0,13.5,179.0,1154077.0,30.415,1034.0,6.3
2002-07-31,Dorchester,DOR,114.71,16279.0,13.5,179.0,1154077.0,30.415,887.0,5.4
2002-08-31,Dorchester,DOR,114.71,16149.0,13.5,179.0,1154077.0,30.415,1003.0,6.2
2002-09-30,Dorchester,DOR,114.71,16460.0,13.5,179.0,1154077.0,30.415,873.0,5.3
2002-10-31,Dorchester,DOR,114.71,16506.0,13.5,179.0,1154077.0,30.415,809.0,4.9
2002-11-30,Dorchester,DOR,114.71,16523.0,13.5,179.0,1154077.0,30.415,950.0,5.7
2002-12-31,Dorchester,DOR,114.71,16514.0,13.5,179.0,1154077.0,30.415,1095.0,6.6
2003-01-31,Dorchester,DOR,119.87,16167.0,13.6,287.0,1210085.0,30.459,1253.0,7.8
2003-02-28,Dorchester,DOR,119.87,15969.0,13.6,287.0,1210085.0,30.459,1357.0,8.5
2003-03-31,Dorchester,DOR,119.87,15902.0,13.6,287.0,1210085.0,30.459,1188.0,7.5
2003-04-30,Dorchester,DOR,119.87,16063.0,13.6,287.0,1210085.0,30.459,1258.0,7.8
2003-05-31,Dorchester,DOR,119.87,16147.0,13.6,287.0,1210085.0,30.459,1180.0,7.3
2003-06-30,Dorchester,DOR,119.87,16566.0,13.6,287.0,1210085.0,30.459,1205.0,7.3
2003-07-31,Dorchester,DOR,119.87,16747.0,13.6,287.0,1210085.0,30.459,1069.0,6.4
2003-08-31,Dorchester,DOR,119.87,16327.0,13.6,287.0,1210085.0,30.459,1020.0,6.2
2003-09-30,Dorchester,DOR,119.87,16248.0,13.6,287.0,1210085.0,30.459,1001.0,6.2
2003-10-31,Dorchester,DOR,119.87,16442.0,13.6,287.0,1210085.0,30.459,981.0,6.0
2003-11-30,Dorchester,DOR,119.87,16603.0,13.6,287.0,1210085.0,30.459,991.0,6.0
2003-12-31,Dorchester,DOR,119.87,16664.0,13.6,287.0,1210085.0,30.459,1027.0,6.2
2004-01-31,Dorchester,DOR,138.2,16765.0,13.9,423.0,1238654.0,30.851,1238.0,7.4
2004-02-29,Dorchester,DOR,138.2,16537.0,13.9,423.0,1238654.0,30.851,1215.0,7.3
2004-03-31,Dorchester,DOR,138.2,16822.0,13.9,423.0,1238654.0,30.851,1205.0,7.2
2004-04-30,Dorchester,DOR,138.2,16885.0,13.9,423.0,1238654.0,30.851,1087.0,6.4
2004-05-31,Dorchester,DOR,138.2,17126.0,13.9,423.0,1238654.0,30.851,975.0,5.7
2004-06-30,Dorchester,DOR,138.2,17518.0,13.9,423.0,1238654.0,30.851,982.0,5.6
2004-07-31,Dorchester,DOR,138.2,17456.0,13.9,423.0,1238654.0,30.851,931.0,5.3
2004-08-31,Dorchester,DOR,138.2,17518.0,13.9,423.0,1238654.0,30.851,1035.0,5.9
2004-09-30,Dorchester,DOR,138.2,17253.0,13.9,423.0,1238654.0,30.851,798.0,4.6
2004-10-31,Dorchester,DOR,138.2,17139.0,13.9,423.0,1238654.0,30.851,818.0,4.8
2004-11-30,Dorchester,DOR,138.2,16891.0,13.9,423.0,1238654.0,30.851,855.0,5.1
2004-12-31,Dorchester,DOR,138.2,16649.0,13.9,423.0,1238654.0,30.851,957.0,5.7
2005-01-31,Dorchester,DOR,172.02,16660.0,14.4,490.0,1278387.0,31.119,1076.0,6.5
2005-02-28,Dorchester,DOR,172.02,16582.0,14.4,490.0,1278387.0,31.119,1149.0,6.9
2005-03-31,Dorchester,DOR,172.02,16872.0,14.4,490.0,1278387.0,31.119,1053.0,6.2
2005-04-30,Dorchester,DOR,172.02,17043.0,14.4,490.0,1278387.0,31.119,1008.0,5.9
2005-05-31,Dorchester,DOR,172.02,17338.0,14.4,490.0,1278387.0,31.119,998.0,5.8
2005-06-30,Dorchester,DOR,172.02,17622.0,14.4,490.0,1278387.0,31.119,922.0,5.2
2005-07-31,Dorchester,DOR,172.02,17413.0,14.4,490.0,1278387.0,31.119,896.0,5.1
2005-08-31,Dorchester,DOR,172.02,17662.0,14.4,490.0,1278387.0,31.119,853.0,4.8
2005-09-30,Dorchester,DOR,172.02,17323.0,14.4,490.0,1278387.0,31.119,820.0,4.7
2005-10-31,Dorchester,DOR,172.02,17392.0,14.4,490.0,1278387.0,31.119,776.0,4.5
2005-11-30,Dorchester,DOR,172.02,16854.0,14.4,490.0,1278387.0,31.119,801.0,4.8
2005-12-31,Dorchester,DOR,172.02,16492.0,14.4,490.0,1278387.0,31.119,890.0,5.4
2006-01-31,Dorchester,DOR,190.17,16638.0,14.3,400.0,1257669.0,31.303,1033.0,6.2
2006-02-28,Dorchester,DOR,190.17,16639.0,14.3,400.0,1257669.0,31.303,1128.0,6.8
2006-03-31,Dorchester,DOR,190.17,16736.0,14.3,400.0,1257669.0,31.303,1006.0,6.0
2006-04-30,Dorchester,DOR,190.17,16820.0,14.3,400.0,1257669.0,31.303,879.0,5.2
2006-05-31,Dorchester,DOR,190.17,17004.0,14.3,400.0,1257669.0,31.303,987.0,5.8
2006-06-30,Dorchester,DOR,190.17,17251.0,14.3,400.0,1257669.0,31.303,980.0,5.7
2006-07-31,Dorchester,DOR,190.17,17291.0,14.3,400.0,1257669.0,31.303,986.0,5.7
2006-08-31,Dorchester,DOR,190.17,17188.0,14.3,400.0,1257669.0,31.303,954.0,5.6
2006-09-30,Dorchester,DOR,190.17,17005.0,14.3,400.0,1257669.0,31.303,944.0,5.6
2006-10-31,Dorchester,DOR,190.17,17023.0,14.3,400.0,1257669.0,31.303,868.0,5.1
2006-11-30,Dorchester,DOR,190.17,17053.0,14.3,400.0,1257669.0,31.303,894.0,5.2
2006-12-31,Dorchester,DOR,190.17,17008.0,14.3,400.0,1257669.0,31.303,940.0,5.5
2007-01-31,Dorchester,DOR,194.35,16666.0,13.7,125.0,1271733.0,31.75,1096.0,6.6
2007-02-28,Dorchester,DOR,194.35,16504.0,13.7,125.0,1271733.0,31.75,1097.0,6.6
2007-03-31,Dorchester,DOR,194.35,16659.0,13.7,125.0,1271733.0,31.75,927.0,5.6
2007-04-30,Dorchester,DOR,194.35,16884.0,13.7,125.0,1271733.0,31.75,1008.0,6.0
2007-05-31,Dorchester,DOR,194.35,17091.0,13.7,125.0,1271733.0,31.75,950.0,5.6
2007-06-30,Dorchester,DOR,194.35,17480.0,13.7,125.0,1271733.0,31.75,1017.0,5.8
2007-07-31,Dorchester,DOR,194.35,17446.0,13.7,125.0,1271733.0,31.75,1003.0,5.7
2007-08-31,Dorchester,DOR,194.35,16831.0,13.7,125.0,1271733.0,31.75,939.0,5.6
2007-09-30,Dorchester,DOR,194.35,16884.0,13.7,125.0,1271733.0,31.75,902.0,5.3
2007-10-31,Dorchester,DOR,194.35,16908.0,13.7,125.0,1271733.0,31.75,886.0,5.2
2007-11-30,Dorchester,DOR,194.35,16721.0,13.7,125.0,1271733.0,31.75,873.0,5.2
2007-12-31,Dorchester,DOR,194.35,16697.0,13.7,125.0,1271733.0,31.75,959.0,5.7
2008-01-31,Dorchester,DOR,189.12,16438.0,14.3,249.0,1404425.0,31.992,1100.0,6.7
2008-02-29,Dorchester,DOR,189.12,16608.0,14.3,249.0,1404425.0,31.992,1111.0,6.7
2008-03-31,Dorchester,DOR,189.12,16576.0,14.3,249.0,1404425.0,31.992,1085.0,6.5
2008-04-30,Dorchester,DOR,189.12,16692.0,14.3,249.0,1404425.0,31.992,1004.0,6.0
2008-05-31,Dorchester,DOR,189.12,16976.0,14.3,249.0,1404425.0,31.992,994.0,5.9
2008-06-30,Dorchester,DOR,189.12,17592.0,14.3,249.0,1404425.0,31.992,1089.0,6.2
2008-07-31,Dorchester,DOR,189.12,17518.0,14.3,249.0,1404425.0,31.992,1087.0,6.2
2008-08-31,Dorchester,DOR,189.12,17208.0,14.3,249.0,1404425.0,31.992,1131.0,6.6
2008-09-30,Dorchester,DOR,189.12,17188.0,14.3,249.0,1404425.0,31.992,1127.0,6.6
2008-10-31,Dorchester,DOR,189.12,17033.0,14.3,249.0,1404425.0,31.992,1196.0,7.0
2008-11-30,Dorchester,DOR,189.12,16812.0,14.3,249.0,1404425.0,31.992,1403.0,8.3
2008-12-31,Dorchester,DOR,189.12,16705.0,14.3,249.0,1404425.0,31.992,1545.0,9.2
2009-01-31,Dorchester,DOR,166.93,16717.0,15.4,93.0,1370939.0,31.944,1792.0,10.7
2009-02-28,Dorchester,DOR,166.93,16724.0,15.4,93.0,1370939.0,31.944,1777.0,10.6
2009-03-31,Dorchester,DOR,166.93,16746.0,15.4,93.0,1370939.0,31.944,1773.0,10.6
2009-04-30,Dorchester,DOR,166.93,16733.0,15.4,93.0,1370939.0,31.944,1613.0,9.6
2009-05-31,Dorchester,DOR,166.93,17228.0,15.4,93.0,1370939.0,31.944,1824.0,10.6
2009-06-30,Dorchester,DOR,166.93,17635.0,15.4,93.0,1370939.0,31.944,1801.0,10.2
2009-07-31,Dorchester,DOR,166.93,17672.0,15.4,93.0,1370939.0,31.944,1942.0,11.0
2009-08-31,Dorchester,DOR,166.93,17462.0,15.4,93.0,1370939.0,31.944,1926.0,11.0
2009-09-30,Dorchester,DOR,166.93,17503.0,15.4,93.0,1370939.0,31.944,1875.0,10.7
2009-10-31,Dorchester,DOR,166.93,17201.0,15.4,93.0,1370939.0,31.944,1905.0,11.1
2009-11-30,Dorchester,DOR,166.93,16989.0,15.4,93.0,1370939.0,31.944,1978.0,11.6
2009-12-31,Dorchester,DOR,166.93,16672.0,15.4,93.0,1370939.0,31.944,2033.0,12.2
2010-01-31,Dorchester,DOR,148.02,16082.0,16.2,156.0,1397148.0,32.689,2131.0,13.3
2010-02-28,Dorchester,DOR,148.02,16172.0,16.2,156.0,1397148.0,32.689,2210.0,13.7
2010-03-31,Dorchester,DOR,148.02,16309.0,16.2,156.0,1397148.0,32.689,2129.0,13.1
2010-04-30,Dorchester,DOR,148.02,16389.0,16.2,156.0,1397148.0,32.689,1901.0,11.6
2010-05-31,Dorchester,DOR,148.02,16512.0,16.2,156.0,1397148.0,32.689,1845.0,11.2
2010-06-30,Dorchester,DOR,148.02,16864.0,16.2,156.0,1397148.0,32.689,1895.0,11.2
2010-07-31,Dorchester,DOR,148.02,17445.0,16.2,156.0,1397148.0,32.689,1880.0,10.8
2010-08-31,Dorchester,DOR,148.02,17185.0,16.2,156.0,1397148.0,32.689,1830.0,10.6
2010-09-30,Dorchester,DOR,148.02,16975.0,16.2,156.0,1397148.0,32.689,1760.0,10.4
2010-10-31,Dorchester,DOR,148.02,16800.0,16.2,156.0,1397148.0,32.689,1733.0,10.3
2010-11-30,Dorchester,DOR,148.02,16527.0,16.2,156.0,1397148.0,32.689,1800.0,10.9
2010-12-31,Dorchester,DOR,148.02,16259.0,16.2,156.0,1397148.0,32.689,1864.0,11.5
2011-01-31,Dorchester,DOR,133.51,15969.0,17.5,52.0,1291664.0,32.702,2000.0,12.5
2011-02-28,Dorchester,DOR,133.51,16129.0,17.5,52.0,1291664.0,32.702,2037.0,12.6
2011-03-31,Dorchester,DOR,133.51,16280.0,17.5,52.0,1291664.0,32.702,1974.0,12.1
2011-04-30,Dorchester,DOR,133.51,16088.0,17.5,52.0,1291664.0,32.702,1784.0,11.1
2011-05-31,Dorchester,DOR,133.51,16392.0,17.5,52.0,1291664.0,32.702,1772.0,10.8
2011-06-30,Dorchester,DOR,133.51,17189.0,17.5,52.0,1291664.0,32.702,1861.0,10.8
2011-07-31,Dorchester,DOR,133.51,17233.0,17.5,52.0,1291664.0,32.702,1853.0,10.8
2011-08-31,Dorchester,DOR,133.51,16962.0,17.5,52.0,1291664.0,32.702,1810.0,10.7
2011-09-30,Dorchester,DOR,133.51,16921.0,17.5,52.0,1291664.0,32.702,1789.0,10.6
2011-10-31,Dorchester,DOR,133.51,16698.0,17.5,52.0,1291664.0,32.702,1765.0,10.6
2011-11-30,Dorchester,DOR,133.51,16492.0,17.5,52.0,1291664.0,32.702,1727.0,10.5
2011-12-31,Dorchester,DOR,133.51,16218.0,17.5,52.0,1291664.0,32.702,1818.0,11.2
2012-01-31,Dorchester,DOR,131.0,15733.0,18.4,79.0,1234594.0,32.483,1975.0,12.6
2012-02-29,Dorchester,DOR,131.0,15867.0,18.4,79.0,1234594.0,32.483,1950.0,12.3
2012-03-31,Dorchester,DOR,131.0,16083.0,18.4,79.0,1234594.0,32.483,1827.0,11.4
2012-04-30,Dorchester,DOR,131.0,15948.0,18.4,79.0,1234594.0,32.483,1692.0,10.6
2012-05-31,Dorchester,DOR,131.0,16219.0,18.4,79.0,1234594.0,32.483,1682.0,10.4
2012-06-30,Dorchester,DOR,131.0,17089.0,18.4,79.0,1234594.0,32.483,1729.0,10.1
2012-07-31,Dorchester,DOR,131.0,17118.0,18.4,79.0,1234594.0,32.483,1784.0,10.4
2012-08-31,Dorchester,DOR,131.0,16505.0,18.4,79.0,1234594.0,32.483,1685.0,10.2
2012-09-30,Dorchester,DOR,131.0,16443.0,18.4,79.0,1234594.0,32.483,1599.0,9.7
2012-10-31,Dorchester,DOR,131.0,16074.0,18.4,79.0,1234594.0,32.483,1620.0,10.1
2012-11-30,Dorchester,DOR,131.0,15849.0,18.4,79.0,1234594.0,32.483,1595.0,10.1
2012-12-31,Dorchester,DOR,131.0,15716.0,18.4,79.0,1234594.0,32.483,1720.0,10.9
2013-01-31,Dorchester,DOR,131.89,15605.0,17.7,36.0,1248710.0,32.563,1893.0,12.1
2013-02-28,Dorchester,DOR,131.89,15641.0,17.7,36.0,1248710.0,32.563,1809.0,11.6
2013-03-31,Dorchester,DOR,131.89,15780.0,17.7,36.0,1248710.0,32.563,1682.0,10.7
2013-04-30,Dorchester,DOR,131.89,15801.0,17.7,36.0,1248710.0,32.563,1594.0,10.1
2013-05-31,Dorchester,DOR,131.89,16088.0,17.7,36.0,1248710.0,32.563,1541.0,9.6
2013-06-30,Dorchester,DOR,131.89,16646.0,17.7,36.0,1248710.0,32.563,1608.0,9.7
2013-07-31,Dorchester,DOR,131.89,16778.0,17.7,36.0,1248710.0,32.563,1565.0,9.3
2013-08-31,Dorchester,DOR,131.89,16388.0,17.7,36.0,1248710.0,32.563,1483.0,9.0
2013-09-30,Dorchester,DOR,131.89,16271.0,17.7,36.0,1248710.0,32.563,1415.0,8.7
2013-10-31,Dorchester,DOR,131.89,16069.0,17.7,36.0,1248710.0,32.563,1411.0,8.8
2013-11-30,Dorchester,DOR,131.89,15842.0,17.7,36.0,1248710.0,32.563,1392.0,8.8
2013-12-31,Dorchester,DOR,131.89,15633.0,17.7,36.0,1248710.0,32.563,1397.0,8.9
2014-01-31,Dorchester,DOR,125.76,15576.0,17.5,27.0,1295478.0,32.502,1503.0,9.6
2014-02-28,Dorchester,DOR,125.76,15713.0,17.5,27.0,1295478.0,32.502,1482.0,9.4
2014-03-31,Dorchester,DOR,125.76,16001.0,17.5,27.0,1295478.0,32.502,1436.0,9.0
2014-04-30,Dorchester,DOR,125.76,15493.0,17.5,27.0,1295478.0,32.502,1266.0,8.2
2014-05-31,Dorchester,DOR,125.76,15681.0,17.5,27.0,1295478.0,32.502,1280.0,8.2
2014-06-30,Dorchester,DOR,125.76,16421.0,17.5,27.0,1295478.0,32.502,1321.0,8.0
2014-07-31,Dorchester,DOR,125.76,16437.0,17.5,27.0,1295478.0,32.502,1331.0,8.1
2014-08-31,Dorchester,DOR,125.76,16246.0,17.5,27.0,1295478.0,32.502,1273.0,7.8
2014-09-30,Dorchester,DOR,125.76,16070.0,17.5,27.0,1295478.0,32.502,1160.0,7.2
2014-10-31,Dorchester,DOR,125.76,15921.0,17.5,27.0,1295478.0,32.502,1170.0,7.3
2014-11-30,Dorchester,DOR,125.76,15683.0,17.5,27.0,1295478.0,32.502,1261.0,8.0
2014-12-31,Dorchester,DOR,125.76,15323.0,17.5,27.0,1295478.0,32.502,1268.0,8.3
2015-01-31,Dorchester,DOR,131.59,15138.0,18.1,36.0,1285379.0,32.431,1409.0,9.3
2015-02-28,Dorchester,DOR,131.59,15316.0,18.1,36.0,1285379.0,32.431,1357.0,8.9
2015-03-31,Dorchester,DOR,131.59,15584.0,18.1,36.0,1285379.0,32.431,1288.0,8.3
2015-04-30,Dorchester,DOR,131.59,15780.0,18.1,36.0,1285379.0,32.431,1147.0,7.3
2015-05-31,Dorchester,DOR,131.59,16108.0,18.1,36.0,1285379.0,32.431,1142.0,7.1
2015-06-30,Dorchester,DOR,131.59,16775.0,18.1,36.0,1285379.0,32.431,1115.0,6.6
2015-07-31,Dorchester,DOR,131.59,16501.0,18.1,36.0,1285379.0,32.431,1073.0,6.5
2015-08-31,Dorchester,DOR,131.59,16176.0,18.1,36.0,1285379.0,32.431,1016.0,6.3
2015-09-30,Dorchester,DOR,131.59,16211.0,18.1,36.0,1285379.0,32.431,955.0,5.9
2015-10-31,Dorchester,DOR,131.59,16240.0,18.1,36.0,1285379.0,32.431,1006.0,6.2
2015-11-30,Dorchester,DOR,131.59,15774.0,18.1,36.0,1285379.0,32.431,1019.0,6.5
2015-12-31,Dorchester,DOR,131.59,15564.0,18.1,36.0,1285379.0,32.431,1020.0,6.6
2016-01-31,Dorchester,DOR,132.86,15415.0,17.4,81.0,1278658.0,32.268,1113.0,7.2
2016-02-29,Dorchester,DOR,132.86,15506.0,17.4,81.0,1278658.0,32.268,1106.0,7.1
2016-03-31,Dorchester,DOR,132.86,15816.0,17.4,81.0,1278658.0,32.268,1098.0,6.9
2016-04-30,Dorchester,DOR,132.86,15880.0,17.4,81.0,1278658.0,32.268,940.0,5.9
2016-05-31,Dorchester,DOR,132.86,15797.0,17.4,81.0,1278658.0,32.268,865.0,5.5
2016-06-30,Dorchester,DOR,132.86,16299.0,17.4,81.0,1278658.0,32.268,912.0,5.6
2016-07-31,Dorchester,DOR,132.86,16131.0,17.4,81.0,1278658.0,32.268,932.0,5.8
2016-08-31,Dorchester,DOR,132.86,15634.0,17.4,81.0,1278658.0,32.268,937.0,6.0
2016-09-30,Dorchester,DOR,132.86,15802.0,17.4,81.0,1278658.0,32.268,862.0,5.5
2016-10-31,Dorchester,DOR,132.86,15797.0,17.4,81.0,1278658.0,32.268,876.0,5.5
2016-11-30,Dorchester,DOR,132.86,15342.0,17.4,81.0,1278658.0,32.268,881.0,5.7
2016-12-31,Dorchester,DOR,132.86,15383.0,17.4,81.0,1278658.0,32.268,947.0,6.2
2017-01-31,Dorchester,DOR,140.32,15271.0,15.7,43.0,1286721.0,32.093,1077.0,7.1
2017-02-28,Dorchester,DOR,140.32,15509.0,15.7,43.0,1286721.0,32.093,1066.0,6.9
2017-03-31,Dorchester,DOR,140.32,15739.0,15.7,43.0,1286721.0,32.093,1004.0,6.4
2017-04-30,Dorchester,DOR,140.32,15938.0,15.7,43.0,1286721.0,32.093,849.0,5.3
2017-05-31,Dorchester,DOR,140.32,15563.0,15.7,43.0,1286721.0,32.093,798.0,5.1
2017-06-30,Dorchester,DOR,140.32,15974.0,15.7,43.0,1286721.0,32.093,862.0,5.4
2017-07-31,Dorchester,DOR,140.32,15706.0,15.7,43.0,1286721.0,32.093,840.0,5.3
2017-08-31,Dorchester,DOR,140.32,15069.0,15.7,43.0,1286721.0,32.093,864.0,5.7
2017-09-30,Dorchester,DOR,140.32,15241.0,15.7,43.0,1286721.0,32.093,761.0,5.0
2017-10-31,Dorchester,DOR,140.32,15697.0,15.7,43.0,1286721.0,32.093,818.0,5.2
2017-11-30,Dorchester,DOR,140.32,15358.0,15.7,43.0,1286721.0,32.093,827.0,5.4
2017-12-31,Dorchester,DOR,140.32,15398.0,15.7,43.0,1286721.0,32.093,902.0,5.9
2018-01-31,Dorchester,DOR,144.24,15430.0,15.4,54.0,1254251.0,31.894,1003.0,6.5
2018-02-28,Dorchester,DOR,144.24,15546.0,15.4,54.0,1254251.0,31.894,996.0,6.4
2018-03-31,Dorchester,DOR,144.24,15554.0,15.4,54.0,1254251.0,31.894,914.0,5.9
2018-04-30,Dorchester,DOR,144.24,15569.0,15.4,54.0,1254251.0,31.894,763.0,4.9
2018-05-31,Dorchester,DOR,144.24,15363.0,15.4,54.0,1254251.0,31.894,720.0,4.7
2018-06-30,Dorchester,DOR,144.24,15664.0,15.4,54.0,1254251.0,31.894,812.0,5.2
2018-07-31,Dorchester,DOR,144.24,15450.0,15.4,54.0,1254251.0,31.894,787.0,5.1
2018-08-31,Dorchester,DOR,144.24,15038.0,15.4,54.0,1254251.0,31.894,752.0,5.0
2018-09-30,Dorchester,DOR,144.24,15221.0,15.4,54.0,1254251.0,31.894,649.0,4.3
2018-10-31,Dorchester,DOR,144.24,15802.0,15.4,54.0,1254251.0,31.894,699.0,4.4
2018-11-30,Dorchester,DOR,144.24,15565.0,15.4,54.0,1254251.0,31.894,660.0,4.2
2018-12-31,Dorchester,DOR,144.24,15699.0,15.4,54.0,1254251.0,31.894,756.0,4.8
2019-01-31,Dorchester,DOR,153.51,15576.0,16.4,54.0,1291172.0,31.864,882.0,5.7
2019-02-28,Dorchester,DOR,153.51,15725.0,16.4,54.0,1291172.0,31.864,894.0,5.7
2019-03-31,Dorchester,DOR,153.51,15698.0,16.4,54.0,1291172.0,31.864,812.0,5.2
2019-04-30,Dorchester,DOR,153.51,16061.0,16.4,54.0,1291172.0,31.864,697.0,4.3
2019-05-31,Dorchester,DOR,153.51,15907.0,16.4,54.0,1291172.0,31.864,650.0,4.1
2019-06-30,Dorchester,DOR,153.51,16017.0,16.4,54.0,1291172.0,31.864,801.0,5.0
2019-07-31,Dorchester,DOR,153.51,15997.0,16.4,54.0,1291172.0,31.864,744.0,4.7
2019-08-31,Dorchester,DOR,153.51,15730.0,16.4,54.0,1291172.0,31.864,691.0,4.4
2019-09-30,Dorchester,DOR,153.51,15766.0,16.4,54.0,1291172.0,31.864,579.0,3.7
2019-10-31,Dorchester,DOR,153.51,16887.0,16.4,54.0,1291172.0,31.864,637.0,3.8
2019-11-30,Dorchester,DOR,153.51,16622.0,16.4,54.0,1291172.0,31.864,610.0,3.7
2019-12-31,Dorchester,DOR,153.51,16662.0,16.4,54.0,1291172.0,31.864,623.0,3.7
2020-01-31,Dorchester,DOR,155.64,16915.0,14.9,58.0,1277510.0,32.523,785.0,4.6
2020-02-29,Dorchester,DOR,155.64,16940.0,14.9,58.0,1277510.0,32.523,747.0,4.4
2020-03-31,Dorchester,DOR,155.64,17098.0,14.9,58.0,1277510.0,32.523,967.0,5.7
2020-04-30,Dorchester,DOR,155.64,16015.0,14.9,58.0,1277510.0,32.523,1346.0,8.4
2020-05-31,Dorchester,DOR,155.64,15963.0,14.9,58.0,1277510.0,32.523,1332.0,8.3
2020-06-30,Dorchester,DOR,155.64,15854.0,14.9,58.0,1277510.0,32.523,1208.0,7.6
2020-07-31,Dorchester,DOR,155.64,15968.0,14.9,58.0,1277510.0,32.523,1171.0,7.3
2020-08-31,Dorchester,DOR,155.64,15646.0,14.9,58.0,1277510.0,32.523,1031.0,6.6
2020-09-30,Dorchester,DOR,155.64,15669.0,14.9,58.0,1277510.0,32.523,1045.0,6.7
2020-10-31,Dorchester,DOR,155.64,16006.0,14.9,58.0,1277510.0,32.523,957.0,6.0
2020-11-30,Dorchester,DOR,155.64,15702.0,14.9,58.0,1277510.0,32.523,957.0,6.1
2020-12-31,Dorchester,DOR,155.64,15670.0,14.9,58.0,1277510.0,32.523,1025.0,6.5
2021-01-31,Dorchester,DOR,177.45,15345.0,15.0,69.0,1380648.0,32.59,1142.0,7.4
2021-02-28,Dorchester,DOR,177.45,15249.0,15.0,69.0,1380648.0,32.59,1050.0,6.9
2021-03-31,Dorchester,DOR,177.45,15468.0,15.0,69.0,1380648.0,32.59,982.0,6.3
2021-04-30,Dorchester,DOR,177.45,15256.0,15.0,69.0,1380648.0,32.59,831.0,5.4
2021-05-31,Dorchester,DOR,177.45,15485.0,15.0,69.0,1380648.0,32.59,846.0,5.5
2021-06-30,Dorchester,DOR,177.45,15394.0,15.0,69.0,1380648.0,32.59,934.0,6.1
2021-07-31,Dorchester,DOR,177.45,15837.0,15.0,69.0,1380648.0,32.59,793.0,5.0
2021-08-31,Dorchester,DOR,177.45,15605.0,15.0,69.0,1380648.0,32.59,752.0,4.8
2021-09-30,Dorchester,DOR,177.45,15608.0,15.0,69.0,1380648.0,32.59,734.0,4.7
2021-10-31,Dorchester,DOR,177.45,15583.0,15.0,69.0,1380648.0,32.59,702.0,4.5
2021-11-30,Dorchester,DOR,177.45,15166.0,15.0,69.0,1380648.0,32.59,626.0,4.1
2021-12-31,Dorchester,DOR,177.45,14655.0,15.0,69.0,1380648.0,32.59,535.0,3.7
2022-01-31,Dorchester,DOR,204.29,14793.0,15.1,74.0,1441872.0,32.599,712.0,4.8
2022-02-28,Dorchester,DOR,204.29,14864.0,15.1,74.0,1441872.0,32.599,682.0,4.6
2022-03-31,Dorchester,DOR,204.29,15088.0,15.1,74.0,1441872.0,32.599,573.0,3.8
2022-04-30,Dorchester,DOR,204.29,14805.0,15.1,74.0,1441872.0,32.599,454.0,3.1
2022-05-31,Dorchester,DOR,204.29,15376.0,15.1,74.0,1441872.0,32.599,473.0,3.1
2022-06-30,Dorchester,DOR,204.29,15423.0,15.1,74.0,1441872.0,32.599,577.0,3.7
2022-07-31,Dorchester,DOR,204.29,15628.0,15.1,74.0,1441872.0,32.599,552.0,3.5
2022-08-31,Dorchester,DOR,204.29,15511.0,15.1,74.0,1441872.0,32.599,553.0,3.6
2022-09-30,Dorchester,DOR,204.29,15636.0,15.1,74.0,1441872.0,32.599,461.0,2.9
2022-10-31,Dorchester,DOR,204.29,15691.0,15.1,74.0,1441872.0,32.599,492.0,3.1
2022-11-30,Dorchester,DOR,204.29,15298.0,15.1,74.0,1441872.0,32.599,442.0,2.9
2022-12-31,Dorchester,DOR,204.29,15483.0,15.1,74.0,1441872.0,32.599,382.0,2.5
2023-01-31,Dorchester,DOR,215.48,14801.0,15.7,69.0,1321022.0,32.922,465.0,3.1
2023-02-28,Dorchester,DOR,215.48,15197.0,,69.0,,32.922,453.0,3.0
2023-03-31,Dorchester,DOR,215.48,15585.0,,69.0,,32.922,384.0,2.5
2023-04-30,Dorchester,DOR,215.48,14860.0,,69.0,,32.922,269.0,1.8
2023-05-31,Dorchester,DOR,215.48,15158.0,,69.0,,32.922,296.0,2.0
2023-06-30,Dorchester,DOR,215.48,15485.0,,69.0,,32.922,349.0,2.3
2023-07-31,Dorchester,DOR,215.48,15552.0,,69.0,,32.922,387.0,2.5
2023-08-31,Dorchester,DOR,215.48,15662.0,,69.0,,32.922,413.0,2.6
2023-09-30,Dorchester,DOR,215.48,15864.0,,69.0,,32.922,376.0,2.4
2023-10-31,Dorchester,DOR,215.48,15853.0,,69.0,,32.922,421.0,2.7
2023-11-30,Dorchester,DOR,215.48,15532.0,,69.0,,32.922,406.0,2.6
2023-12-31,Dorchester,DOR,215.48,15436.0,,69.0,,32.922,419.0,2.7
2024-01-31,Dorchester,DOR,244.17,14976.0,,79.0,,33.138,551.0,3.7
2024-02-29,Dorchester,DOR,,15243.0,,,,,574.0,3.8
2024-03-31,Dorchester,DOR,,15688.0,,,,,526.0,3.4
2024-04-30,Dorchester,DOR,,15120.0,,,,,441.0,2.9
2024-05-31,Dorchester,DOR,,15462.0,,,,,458.0,3.0
2024-06-30,Dorchester,DOR,,15804.0,,,,,594.0,3.8
2024-07-31,Dorchester,DOR,,15545.0,,,,,649.0,4.2
2024-08-31,Dorchester,DOR,,15476.0,,,,,651.0,4.2
2024-09-30,Dorchester,DOR,,15811.0,,,,,539.0,3.4
2024-10-31,Dorchester,DOR,,15748.0,,,,,535.0,3.4
2024-11-30,Dorchester,DOR,,15391.0,,,,,544.0,3.5
2024-12-31,Dorchester,DOR,,15247.0,,,,,497.0,3.3
2025-01-31,Dorchester,DOR,,15088.0,,,,,561.0,3.7
2025-02-28,Dorchester,DOR,,15185.0,,,,,593.0,3.9
2025-03-31,Dorchester,DOR,,15978.0,,,,,581.0,3.6
2025-04-30,Dorchester,DOR,,15495.0,,,,,498.0,3.2
2025-05-31,Dorchester,DOR,,15969.0,,,,,540.0,3.4
2025-06-30,Dorchester,DOR,,16758.0,,,,,618.0,3.7
2025-07-31,Dorchester,DOR,,16185.0,,,,,633.0,3.9
2025-08-31,Dorchester,DOR,,15972.0,,,,,707.0,4.4
